title,GlossSeeAlso,
dogs butts and cat noses,0.33690590295009315,
,0.8255851238500327,
